[
  {
    "id": 1,
    "name": "Pisa",
    "distance": 5,
    "items": [
      {
        "id": 1,
        "name": "Oggetto Speciale",
        "qty": 15,
        "minQty": 10
      },
      {
        "id": 2,
        "qty": 5,
        "minQty": 7
      },
      {
        "id": 5,
        "qty": 11,
        "minQty": 20
      }
    ]
  },
  {
    "id": 2,
    "name": "Milano",
    "distance": 20,
    "items": [
      {
        "id": 2,
        "qty": 5,
        "minQty": 10
      },
      {
        "id": 5,
        "qty": 10,
        "minQty": 25
      }
    ]
  },
  {
    "id": 3,
    "name": "Tirana",
    "distance": 120,
    "items": [
      {
        "id": 3,
        "qty": 30,
        "minQty": 50
      },
      {
        "id": 4,
        "qty": 35,
        "minQty": 50
      },
      {
        "id": 2,
        "qty": 25,
        "minQty": 50
      },
      {
        "id": 5,
        "qty": 25,
        "minQty": 20
      }
    ]
  }
]